EDUCACAO_PARTICULAR;EDUCACAO_PUBLICA;LAZER_PARTICULAR;LAZER_PUBLICO;SAUDE_PARTICULAR;SAUDE_PUBLICA;SEGURANCA_PATRIMONIO;SEGURANCA_VIDA;TRANSPORTE_CICLOVIAS;TRANSPORTE_ONIBUS;ZONEAMENTO_COMERCIO;ZONEAMENTO_INDUSTRIA;BAIRRO
739,6895572;475,8067921;42,87243416;47,99545621;28,57285606;113,1461325;729,7470782;902,768222;1661,903392;147,1060171;937,9652801;848,5321435;BOM RETIRO
715,3524925;468,5916586;40,77624283;45,59690352;27,42780421;111,099037;715,5267805;881,225137;1621,710673;140,9204403;912,4696476;833,9209225;CASCATINHA
600,7609572;416,0635362;33,43101595;38,21946606;22,54686409;99,1342959;624,6212632;767,1465354;1393,954607;117,6956591;785,9809233;729,9821264;RIVIERA
603,2716753;392,0122289;34,77110233;39,50986439;23,27970109;93,46152861;600,4114461;738,3395765;1385,241984;118,1113865;766,0266304;698,9108838;LAMENHA PEQUENA
720,4994017;465,1354455;41,71168635;46,39263252;27,38393784;111,8819038;720,9096509;884,6740781;1623,915355;145,9370248;926,3444059;838,0035088;JARDIM SOCIAL
758,0296601;504,6549691;42,30790793;46,45511493;28,48448;120,1606383;776,2780837;946,0907693;1709,504232;150,589109;984,4905693;905,2469116;SEMINÁRIO
722,6336885;463,5464495;42,09330272;47,04672827;27,86473998;111,1415224;714,828526;882,6219833;1634,042949;144,4325942;920,1280814;830,2118381;AHÚ
734,2755691;485,9390504;41,24881927;44,98010999;27,0659177;117,7346686;763,5806263;914,875675;1649,463408;151,1213652;958,4416597;875,6516593;JD. DAS AMÉRICAS
439,5410497;347,803154;23,09551148;26,55954434;15,42433442;84,39861324;512,7185939;631,0127257;1026,025525;88,6503658;617,1138915;589,7004066;CAXIMBA
623,1464585;395,5760116;36,59766095;41,60502522;24,12131105;95,79909537;614,7477257;757,0301564;1424,967494;123,7942967;792,0021935;713,1979656;CACHOEIRA
621,4024979;412,9305147;35,28185518;40,04881621;23,73388702;98,12686428;627,9235874;770,8610898;1430,99679;121,5229951;796,0699868;731,9043347;BUTIATUVINHA
710,380082;461,9995495;40,79104296;45,07619746;26,6645896;111,3865654;718,3589356;876,6303891;1597,217155;144,5999553;919,2562647;834,7552884;TARUMÃ
734,8314963;473,5830291;42,61791448;47,06952851;28,08189864;113,4950257;732,128968;900,425393;1655,048122;148,4888289;940,807849;850,1783664;HUGO LANGE
728,1407897;471,5418565;41,88441965;46,86244695;28,07314282;111,8626633;721,5391206;891,2303531;1641,219582;143,8892587;924,1142708;840,0382294;VISTA ALEGRE
750,354715;486,7149933;43,17777542;46,9883426;28,43740793;116,354741;755,1371437;921,8247105;1687,858616;152,8374842;964,0867307;873,2322251;CRISTO REI
616,5835777;450,4588102;33,53135171;38,68737376;22,488433;109,4461828;672,0758307;825,3069788;1434,585431;122,6976709;837,4322407;785,9511484;SÃO MIGUEL
626,1232892;427,5774009;35,02747881;39,84922461;23,61110265;101,6482549;645,0458415;791,0327204;1449,059662;122,6277812;813,2218983;752,956534;ORLEANS
661,2066775;422,6744389;38,64430324;43,69544117;25,58203899;101,658768;653,7485292;804,9941019;1510,543136;130,9053458;838,9894168;757,9649908;TABOÃO
742,2798071;477,3351255;43,139537;47,62303758;28,54089531;114,0154173;735,3363745;907,5567148;1669,259121;149,2243695;945,9942402;854,2074124;JUVEVÊ
651,3768172;437,3294274;36,6863235;41,52167492;24,70937479;103,8467937;663,5438932;813,530428;1500,35477;127,5827209;839,0709695;773,5982746;SÃO BRAZ
683,9886473;444,3837146;39,3393588;44,31783038;26,34122387;105,7161231;680,6301241;838,2891082;1556,721321;134,6000236;869,183597;791,9224585;SÃO JOÃO
758,5926629;513,2807655;41,67572837;45,99038189;27,56138212;124,1120416;844,4223761;958,9184263;1724,520983;156,6208514;1018,288266;937,9692776;FANNY
631,5551883;404,4976759;36,78656445;41,34666457;24,00962651;98,14808082;629,1446134;774,2838225;1428,033108;127,461376;814,5621855;734,7699542;ATUBA
555,568349;423,9117689;29,54258749;33,53128557;19,55983813;102,240086;635,4927354;776,0026395;1283,823367;112,852457;770,0820554;730,8985977;UMBARÁ
702,4136686;449,8957873;40,99266978;46,06270104;27,1200789;108,1609292;695,3090435;857,1969743;1598,166217;139,8521344;893,5005691;806,302989;SÃO LOURENÇO
764,7650633;515,9260058;42,02961291;46,28951218;27,84451995;124,7450651;839,0641804;964,4089909;1742,271695;157,0924552;1026,951751;946,8538215;LINDOIA
752,7676504;499,6854997;42,13983613;45,73250291;27,73374092;120,5123329;793,271512;938,7257801;1696,10006;156,255261;986,6482609;901,672587;GUABIROTUBA
714,271792;479,8314689;40,01547748;44,71695353;26,96851742;114,1495959;730,4663174;894,6341706;1630,737581;140,8965814;925,5205722;852,8925138;MOSSUNGUÊ
773,3303215;513,4625076;42,93805476;46,78489809;28,79755017;122,4087175;797,724442;964,2761583;1737,94423;154,5013691;1009,440885;927,8783741;VILA IZABEL
654,6960124;419,1755494;38,20267799;43,00579494;25,00330466;101,7257579;651,1331846;802,4806526;1483,814737;131,8147304;842,4115185;759,8609797;TINGUI
753,1563068;486,5537487;43,56940929;47,46727308;28,76335836;116,0320742;751,7207257;922,8970548;1692,115537;152,5922104;963,0607551;871,0192016;ALTO DA XV
744,0517205;503,5952315;41,21750013;45,65682845;27,67279074;121,1095855;775,4205475;939,335317;1692,287062;148,1868525;978,9786609;904,3390327;SANTA QUITÉRIA
570,6971514;429,5763868;30,41174959;34,27691122;20,0555646;102,6869804;647,3070378;788,0735096;1310,155096;116,371187;785,6604573;742,8496247;GANCHINHO
618,2448362;434,0779999;34,16485488;39,10627298;23,02073774;103,7877305;650,0296277;798,6187983;1434,192966;121,5813105;816,6573323;760,4011737;AUGUSTA
650,7128801;414,9673015;38,10782267;43,16493711;25,18052488;100,1122307;643,3367038;791,8409205;1488,09001;129,027688;826,3562996;745,5388928;ABRANCHES
504,1370556;392,433851;26,68613916;30,52455193;17,75087716;95,18353185;582,9013382;715,1208071;1171,937239;101,9569232;703,5885202;669,8966326;CAMPO DE SANTANA
778,9501808;514,7136257;43,6101255;46,88856319;28,83863075;122,6325519;820,531841;967,1620841;1753,245212;163,9476878;1023,676603;931,8344164;PAROLIN
697,9804742;448,6607062;40,52607247;45,6185366;26,95942699;107,1830049;690,140888;851,3683085;1584,367941;138,0330195;884,9980443;801,5937587;PILARZINHO
772,5300951;507,0467148;43,77861663;46,92929824;28,89651374;120,7938297;797,2091302;954,6284828;1742,023889;160,1945746;1002,848071;911,4793085;PRADO VELHO
704,4325092;460,5168469;40,19020806;44,29837164;26,25194947;111,1601449;716,9188639;872,5431895;1581,462729;143,6433567;914,6390897;831,9432354;CAPÃO DA IMBUIA
749,8581988;487,7198434;42,83824102;47,4039346;28,84582567;115,2658497;745,0598134;920,1669989;1680,989486;148,2560247;953,2003418;868,4753209;MERCÊS
778,4135595;518,0386706;42,98729013;46,74651498;28,51416311;124,172984;834,2148525;971,6971232;1759,631092;159,9157366;1037,113179;951,1514666;GUAÍRA
755,6509703;486,2688605;43,87265047;48,08215813;29,10075036;115,6285615;747,1653742;923,3123276;1692,27609;151,7836195;960,551384;867,7064089;ALTO DA GLÓRIA
666,0758656;430,3437192;38,52606569;43,03791736;25,12414277;104,1274904;668,8107036;820,4584151;1501,021028;135,0030154;862,2288346;780,842771;BAIRRO ALTO
751,9976978;492,4163701;42,66070187;47,01957088;28,78747969;116,399717;752,4473815;927,0116932;1688,800387;148,6479766;960,3066292;877,6633801;BIGORRILHO
695,6243346;474,6909117;38,31506954;42,17539729;25,1104424;114,5770229;744,9059846;887,1622965;1566,49687;143,0159411;921,5357973;851,1946298;UBERABA
750,4863432;482,5479504;43,55782033;48,26134913;28,9646683;114,7166467;740,3901647;916,1336558;1681,432952;150,0005517;952,4854125;860,57137;CENTRO CÍVICO
782,6142315;510,4413083;44,25359422;47,7030281;29,90847371;120,0058396;782,2825988;963,6219743;1735,798631;155,3470698;998,4675819;911,6785357;BATEL
706,1621409;470,7540376;39,78874986;44,54396909;26,81281482;111,7556317;716,7108267;879,4091457;1611,996502;139,0088763;909,3848831;836,2395421;SANTO INÁCIO
654,8306942;417,3666664;38,38151746;43,44032761;25,29827076;101,1210552;648,6763572;798,186386;1496,791492;130,3457347;833,9718129;751,3717544;BARREIRINHA
709,682129;486,7947575;39,32932419;44,15507194;26,45092807;116,8083526;740,1573028;902,9813487;1626,752149;140,5831763;934,158336;864,9922004;CAMPO COMPRIDO
745,7050103;494,5725782;41,90021464;46,2636279;28,2625365;117,3794157;756,5185155;927,3047904;1685,498732;147,5212568;961,597011;882,8671276;CAMPINA DO SIQUEIRA
668,2131223;438,4502405;38,16877845;43,06286164;25,62852595;104,1798859;669,8621371;823,2363379;1527,313625;131,1549831;852,1630256;779,8941357;SANTA FELICIDADE
751,5800476;506,0021782;41,48675715;45,42647147;27,3509281;122,0879016;818,3820499;946,6181316;1698,777674;156,0853941;998,2975111;917,1920863;HAUER
683,2419177;437,0551281;39,93910623;44,9508912;26,29140979;106,2328607;678,1578351;836,4008828;1555,112279;136,7642756;874,3580824;787,462127;BOA VISTA
721,4341247;463,2730232;42,00038454;46,79733655;27,70659106;111,3590533;715,80516;882,8025806;1630,738669;144,9749017;922,1212503;831,9390778;CABRAL
711,2975113;500,9296902;38,51518786;43,16247386;25,44180329;121,7952089;791,7108288;929,0477443;1625,389308;145,3036605;967,6925714;902,5104047;XAXIM
687,3519826;441,4331061;40,01771561;44,92686058;26,23909135;106,8300702;684,6941808;843,3199383;1555,861682;138,5554157;883,8741622;797,8581043;BACACHERI
567,3962622;432,7983748;30,28836627;34,61752386;20,14587992;105,6189627;648,1005087;792,2661342;1318,603919;114,5813807;787,3911542;747,3513383;TATUQUARA
793,0921154;519,5680415;44,34932327;47,44426142;29,60965094;122,4433033;808,0376918;982,4209561;1761,25004;159,4278685;1027,570285;936,1750093;ÁGUA VERDE
629,1032434;400,3082964;36,89688622;41,73472245;24,20129761;97,28830257;622,3837112;767,6167812;1432,242469;125,9398153;805,0102753;724,5678241;SANTA CÂNDIDA
672,3506972;488,6574747;36,26326579;41,00710797;24,0371242;120,0818651;751,5066285;902,2714123;1554,589117;136,4117998;924,9131407;873,9842445;PINHEIRINHO
635,8266601;461,0330651;34,205394;38,22360755;22,48978793;109,8914804;706,8822227;850,3599394;1447,891092;129,9669093;862,2743049;807,8027529;ALTO BOQUEIRÃO
734,9701768;509,6763005;40,17742308;44,87427326;26,69762993;126,7662902;802,0079227;948,5201762;1690,695305;148,8271459;999,8966514;929,5019499;NOVO MUNDO
701,6261998;494,4226656;38,46049246;43,50555484;25,74502138;120,778258;751,9157771;912,0226735;1618,069459;140,1395917;944,0996494;879,2383683;FAZENDINHA
759,8936588;495,5564643;43,43392003;46,878478;28,62124891;118,3653739;772,515396;935,9007649;1711,40085;155,8378743;980,0257596;889,2261298;JARDIM BOTÂNICO
788,8903102;513,1470325;45,31180894;47,79134266;30,05504246;120,5528277;791,7695901;966,6727223;1762,387752;160,184294;1007,707512;913,6233957;REBOUÇAS
766,3601979;493,6895463;44,28378272;48,65558746;29,58983132;116,6653828;754,8022272;935,0409625;1705,36811;152,6135664;970,1812413;878,0499766;SÃO FRANCISCO
753,4060203;511,6736536;41,47715155;45,82539448;27,6955308;124,3245942;799,6963068;954,6476069;1718,483857;151,3312006;1003,420301;928,8473653;PORTÃO
705,8420175;501,1376298;38,31411531;43,17514247;25,42967961;125,2080617;781,0928439;928,4957992;1629,328338;143,0928418;969,4732402;914,4990832;CAPÃO RASO
701,2256981;486,1439151;38,22019866;42,31603451;25,12150324;117,0826135;767,1074897;903,9563582;1589,070904;144,0845282;938,0797759;869,9352742;BOQUEIRÃO
691,8558005;460,3124643;38,80215538;42,6569044;25,35103814;111,2698802;717,7891671;869,2153878;1550,260381;141,5716272;906,4213497;829,0862566;CAJURU
648,9113724;473,105564;35,2515141;40,39528797;23,57215687;115,8635811;710,5752115;867,7276108;1507,873741;129,8106302;884,9904679;831,3988765;CIDADE INDUSTRIAL
639,2737634;473,6737612;34,29480864;38,63950698;22,64605475;113,2740622;718,2725034;872,096652;1468,174893;130,1849176;876,2801604;826,0274997;SITIO CERCADO
783,96557;505,4726898;45,40021259;48,30511899;30,22373641;118,9096915;772,8827306;956,2335227;1735,379712;156,7210925;990,7274247;897,141852;CENTRO
